model,brier_score,ece
logistic_regression,0.2191371338795311,0.2147322778381482
random_forest,0.16188872144046315,0.036321197861338916
