model,threshold,rows,positive_rate_true,positive_rate_predicted,precision,recall,f1,pr_auc,brier_score,ece,roc_auc
logistic_regression,0.5,1875,0.2501333333333333,0.42186666666666667,0.3944374209860936,0.6652452025586354,0.49523809523809526,0.4109374466717152,0.2191371338795311,0.2147322778381482,0.7034692924323718
random_forest,0.25,1875,0.2501333333333333,0.41333333333333333,0.4180645161290323,0.6908315565031983,0.5209003215434084,0.49433318860756376,0.16188872144046315,0.036321197861338916,0.7439446235597059
